6AYdSYnNSfQ\tNOW Is the PERFECT Time to Return to Legend of Elements 🔥 Free VIP, Costumes & Catch-Up Rewards
pUtXNB0eUAM\tNightmare Dungeons Are BROKEN! HUGE Permanent Power Boosts in Legend of Mushroom
Ag-4Z9iHg-o\tI SPENT $700 ON THE NEW LEGEND OF MUSHROOM GACHA… THIS CHANGES EVERYTHING
jE4kBKeWyfI\tNEW Void Descent Event Is INSANE ⚡ Astral Drake Mount & $300 Giveaway | Legend of Elements
Ui0LEyWcBRY\tPALWORLD x LEGEND OF MUSHROOM IS MASSIVE! Tons of FREE Rewards, New Heroes & CRAZY Collab Event!
ozxOS4BeKKQ\tINSANE Jungle Gacha + Aptoide BUFF For ALL Players! Legend of Mushroom Update Breakdown
HpqUK_tU9iE\tLegend of Elements x Legend of Mushroom COLLAB EVENT 🔥 All Rewards & Gameplay
Qd2i3VHrKbc\tTHIS GACHA CHANGES EVERYTHING — Scale of Justice & Leo Are INSANE!
paGAd3I6uEg\tEXALTED UNLOCKED | 5th Spirit Slot, New SSR Pull & QoL Changes Legend of Elements NEEDS
g3ytpxuajIs\tDAILY GRIND OBLITERATED! Parking Wars Automation + MASSIVE QoL Update in Legend of Mushroom
QKLHWK_i1wk\tLegend of Mushroom's Biggest Update Yet — Here's What's New
MrRUiEbL_FE\tNEW ONE PUNCH MAN COLLAB in Legend of Mushroom — CRAZY Rewards + Limited Heroes!
_Stp-3-NEEc\tThis Build DOUBLED My DPS 💥 | Best Damage Setup in Legend of Elements!
w5k5Fhm0QmE\tONE PUNCH MAN x LEGEND OF MUSHROOM IS REAL! SAITAMA JOINS THE GAME!
N96fDpoJvW0\tADEPT RANK UNLOCKED! 🔥 New Skills, Massive Build Upgrade & Account Progress  Legend of Elements
d_IcvQGczLU\tNEW WINTRY THRONE UPDATE Is INSANE! Fate Artifact + Immortal Tyrant Mount in Legend of Mushroom!
4cuH88lHU-E\tF2P Mount Guide 🐉  How to Use Rush Events for MASSIVE Rewards in Legend of Elements!
wY1_81RxNl4\tPLAY LEGEND OF MUSHROOM ON PC! No Downloads, No Aptoide — Just Play Instantly!
8lX14IW7hJ8\tHow to UNLOCK the 4th Spirit Slot in Legend of Elements 🔓  MASSIVE Power Boost Guide!
SmOquRh4Xbc\tHALLOWEEN UPDATE is INSANE! NEW Artifact + Game Mode in Legend of Mushroom!
cnHx1J-XXGo\tThe BEST DPS Build in Legend of Elements 💥 (Way Better Than Default)
5EVU_xoPbEo\tDO THIS EVERY DAY 💪 | Fastest Way to Get Strong in Legend of Elements (F2P Guide)
21yw0twxef0\tNEW Weekend Gacha Event in Legend of Elements 🔥 | INSANE Rewards & Hidden Mini-Games!
B7L9uEHv2jY\tINSANE Build Tool in Legend of Elements 💥  Instantly Find the BEST Class Setup!
di2v3R2BkHs\tThis NEW Artifact CHANGES EVERYTHING! | Legend of Mushroom
NhgJRTxgfIA\tAll Working Legend of Elements Codes for 2025 Revealed!
-j7ddNIqFeE\tLegend of Mushroom: Massive QoL Update + New Gacha Teased!
it9iishSzJ4\tLegend of Elements: Is This the TRUE Successor to Legend of Mushroom?!
E8UGOCUGl_U\tTHE BEST SOULS for ARCHER! + The TRUTH About Server Merges! 🔥 (Legend of Mushroom)
psfztK57xig\tINSANE NEW REWARDS! Moonlit Waltz Update Brings HUGE Power!
